ident,id,type,name,latitude,longitude,elevation_ft,continent,iso_country,iso_region,municipality
16882,CO28,balloonport,Suckla Farms Balloonport,40.05830002,-104.8919983,5050,NA,US,US-CO,Dacono
301857,BCJ,closed,Baca Grande Airfield,37.96477778,-105.7766667,7620,NA,US,US-CO,Crestone
16921,CO67,closed,Schwartzwalder Heliport,39.847197,-105.281998,6580,NA,US,US-CO,Golden
16923,CO70,closed,Uhrich Airport,40.460499,-104.646003,4715,NA,US,US-CO,Greeley
18748,K3V5,closed,Fort Collins Downtown Airport,40.5882988,-105.0419998,4939,NA,US,US-CO,Fort Collins
300244,US-0174,closed,Aurora Airpark,39.7325,-104.6547222,5665,NA,US,US-CO,Aurora
28113,X-KDEN,closed,Denver Stapleton International Airport,39.77420044,-104.8789978,5333,NA,US,US-CO,Denver
6585,01CO,heliport,St Vincent General Hospital Heliport,39.24530029,-106.2460022,10175,NA,US,US-CO,Leadville
7117,0CD0,heliport,Delta County Memorial Hospital Heliport,38.74079895,-108.052002,5000,NA,US,US-CO,Delta
7118,0CD1,heliport,Colorado Plains Medical Center Heliport,40.2610917,-103.7963389,4356,NA,US,US-CO,Fort Morgan
7120,0CD3,heliport,Branch's Heliport,40.34799957,-104.5279999,4635,NA,US,US-CO,Kersey
7121,0CD4,heliport,Kauffman Heliport,40.14630127,-104.887001,5120,NA,US,US-CO,Denver
7123,0CD6,heliport,Exempla Good Samaritan Heliport,39.97169876,-105.0849991,5204,NA,US,US-CO,Lafayette
7125,0CD8,heliport,Prowers Medical Center Heliport,38.07109833,-102.6090012,3575,NA,US,US-CO,Lamar
7126,0CD9,heliport,Swedish S.W. Medical Heliport,39.60309982,-105.0910034,5563,NA,US,US-CO,Littleton
7137,0CO0,heliport,Longmont United Hospital Heliport,40.17890167,-105.1259995,5047,NA,US,US-CO,Longmont
7141,0CO4,heliport,Geo-Seis Helicopters Heliport,40.58990097,-105.0459976,4935,NA,US,US-CO,Fort Collins
7144,0CO7,heliport,Century Helicopters Heliport,40.58549881,-105.0400009,4935,NA,US,US-CO,Fort Collins
7704,11CO,heliport,Channel 7 Heliport,39.72529984,-104.9840012,5300,NA,US,US-CO,Denver
7813,13CO,heliport,Mann Heliport,40.55559921,-106.8440018,7500,NA,US,US-CO,Steamboat Springs
7932,15CO,heliport,Swedish Medical Center Heliport,39.65470123,-104.9710007,5374,NA,US,US-CO,Englewood
8085,18CO,heliport,Rangely District Hospital Heliport,40.0807991,-108.8040009,5224,NA,US,US-CO,Rangely
8132,19CO,heliport,Memorial Hospital Heliport,38.8404007,-104.7990036,6155,NA,US,US-CO,Colorado Springs
8231,1CD0,heliport,Murphy Heliport,40.14279938,-105.0029984,4870,NA,US,US-CO,Longmont
8235,1CD5,heliport,Rio Grande Hospital Heliport,37.67499924,-106.362999,7190,NA,US,US-CO,Del Norte
8245,1CO0,heliport,Aurora Regional Medical Center Heliport,39.68830109,-104.8320007,5604,NA,US,US-CO,Aurora
8246,1CO1,heliport,Mount Morrison Heliport,39.6692009,-105.2200012,7881,NA,US,US-CO,Morrison
8251,1CO6,heliport,Lands End Microwave Heliport,39.09049988,-108.2210007,9940,NA,US,US-CO,Palisade
8254,1CO9,heliport,MCHD Heliport,37.36299896,-108.5749969,6153,NA,US,US-CO,Cortez
8781,20CO,heliport,Lookout Center Rooftop Heliport,39.73550034,-105.2070007,5918,NA,US,US-CO,Golden
8827,21CO,heliport,Lookout Center Parking Lot Heliport,39.7344017,-105.2060013,5898,NA,US,US-CO,Golden
45328,22CD,heliport,Platte Valley Medical Center Heliport,39.9625,-104.766667,5115,NA,US,US-CO,Brighton
45327,24CD,heliport,Michigan River Ranch Heliport,40.567914,-106.060647,8620,NA,US,US-CO,Walden
8992,24CO,heliport,Ibm Building 910 Heliport,40.06639862,-105.2060013,5150,NA,US,US-CO,Boulder
9095,26CO,heliport,Lockheed Martin Cmd & Cntrl Sys Heliport,38.98389816,-104.8010025,6685,NA,US,US-CO,Colorado Springs
9193,28CO,heliport,Blm Fire Center Heliport,39.11780167,-108.5390015,4820,NA,US,US-CO,Grand Junction
9241,29CO,heliport,St Mary's Hospital & Medical Center Heliport,39.089815,-108.562855,4650,NA,US,US-CO,Grand Junction
45326,2CD2,heliport,Medical Center Of The Rockies Heliport,40.418056,-105,5010,NA,US,US-CO,Loveland
45333,2CD4,heliport,West Divide Heliport,39.430556,-107.623056,6352,NA,US,US-CO,Silt
45323,2CD5,heliport,Elk Mountain Resort Heliport,38.253333,-107.972222,8965,NA,US,US-CO,Montrose
45332,2CD7,heliport,Turnberry Ranch Heliport,39.469083,-107.135722,7100,NA,US,US-CO,Carbondale
45321,2CD8,heliport,Children'S Hospital Heliport,39.742111,-104.83575,5557,NA,US,US-CO,Aurora
9355,2CO0,heliport,Heli-Support Ii Heliport,40.58359909,-106.9850006,4935,NA,US,US-CO,Fort Collins
9359,2CO4,heliport,Presbyterian/St Luke's Medical Center Heliport,39.74940109,-104.9690018,5291,NA,US,US-CO,Denver
9361,2CO6,heliport,Manor House Heliport,39.5868988,-105.1689987,6220,NA,US,US-CO,Littleton
9362,2CO7,heliport,St Mary-Corwin Hospital Heliport,38.23360062,-104.6230011,4817,NA,US,US-CO,Pueblo
9363,2CO8,heliport,East Morgan County Hospital Heliport,40.25830078,-103.6490021,4280,NA,US,US-CO,Brush
9364,2CO9,heliport,Lands End Heliport,39.072167,-108.511167,4630,NA,US,US-CO,Grand Junction
9954,31CO,heliport,Montrose Memorial Hospital Heliport,38.48049927,-107.8690033,5812,NA,US,US-CO,Montrose
10221,37CO,heliport,Ash Mesa Heliport,38.56719971,-107.9960022,5681,NA,US,US-CO,Olathe
10271,38CO,heliport,Basin Clinic Heliport,38.21860123,-108.276001,5400,NA,US,US-CO,Naturita
10426,3CO3,heliport,Sterling Regional Medical Center Heliport,40.61249924,-103.2200012,3946,NA,US,US-CO,Sterling
10428,3CO5,heliport,Texas Creek Heliport,38.40940094,-105.5849991,6250,NA,US,US-CO,Texas Creek
10430,3CO8,heliport,E.P.M.C. Heliport,40.37170029,-105.5159988,7674,NA,US,US-CO,Estes Park
10431,3CO9,heliport,D B Smith Memorial Heliport,38.71250153,-105.1419983,9710,NA,US,US-CO,Victor
10990,42CO,heliport,Ptarmigan Heliport,39.6875,-105.3960037,8198,NA,US,US-CO,Evergreen
11113,45CO,heliport,Ag-Air Inc Heliport,40.20550156,-104.9759979,5025,NA,US,US-CO,Mead
11386,4CO1,heliport,Martin Heliport,39.49969864,-105.1060028,5718,NA,US,US-CO,Waterton
11389,4CO4,heliport,St Anthony North Heliport,39.8492012,-105.0179977,5506,NA,US,US-CO,Westminster
11390,4CO5,heliport,Pioneers Heliport,40.04140091,-107.9110031,6298,NA,US,US-CO,Meeker
11391,4CO6,heliport,Lutheran Medical Center Heliport,39.76670074,-105.0899963,5500,NA,US,US-CO,Wheat Ridge
11394,4CO9,heliport,Beaver Creek Heliport,39.64360046,-106.8479996,7500,NA,US,US-CO,Beaver Creek
11826,50CO,heliport,William T Browder Heliport,40.65829849,-104.9509964,5200,NA,US,US-CO,Fort Collins
11994,54CO,heliport,The Memorial Hospital Heliport,40.51869965,-107.5449982,6316,NA,US,US-CO,Craig
12036,55CO,heliport,Elizabeth Emergency Heliport,39.36249924,-104.5999985,6512,NA,US,US-CO,Elizabeth
12078,56CO,heliport,Animas Air Park,37.2030983,-107.8679962,6660,NA,US,US-CO,Durango
12122,57CO,heliport,The Children's Hospital Heliport,39.73329926,-104.9670029,5436,NA,US,US-CO,Denver
12164,58CO,heliport,Purgatory Nr One Heliport,37.62720108,-107.8040009,8700,NA,US,US-CO,Durango
12312,5CO2,heliport,Mc Kee Medical Center Heliport,40.40390015,-105.0510025,4872,NA,US,US-CO,Loveland
12313,5CO3,heliport,Jim's Heliport,38.703611,-108.063164,5093,NA,US,US-CO,Delta
12315,5CO5,heliport,Black Hollow Heliport,40.67309952,-104.9199982,5294,NA,US,US-CO,Carr
12319,5CO9,heliport,Wcdh Heliport,40.08570099,-102.2350006,3640,NA,US,US-CO,Wray
12811,61CO,heliport,Monument Helibase Heliport,39.08580017,-104.9029999,7120,NA,US,US-CO,Monument
13021,66CO,heliport,Rotor Leasing Heliport,39.09080124,-104.5439987,7260,NA,US,US-CO,Elbert
13138,69CO,heliport,Porter Memorial Hospital Heliport,39.67079926,-104.9759979,5349,NA,US,US-CO,Denver
13229,6CO5,heliport,Montrose Blm Heliport,38.45830154,-107.8679962,5859,NA,US,US-CO,Montrose
13231,6CO7,heliport,Monument Heliport,39.09690094,-108.5999985,4575,NA,US,US-CO,Grand Junction
13232,6CO8,heliport,West Area Pwr Admin Ops Center Heliport,38.46609879,-107.8730011,5825,NA,US,US-CO,Montrose
13233,6CO9,heliport,Salida Hospital Heliport,38.53279877,-105.9899979,7050,NA,US,US-CO,Salida
13642,70CO,heliport,Greystone Heliport,39.64080048,-105.3960037,7540,NA,US,US-CO,Evergreen
13681,71CO,heliport,Houston Heliport,39.55089951,-104.5059967,6039,NA,US,US-CO,Elizabeth
13838,75CO,heliport,Miner's Mesa Heliport,39.79389954,-105.4940033,8668,NA,US,US-CO,Black Hawk
13927,77CO,heliport,Memorial North Helipad,38.966362,-104.7559967,6901,NA,US,US-CO,Colorado Springs
13965,78CO,heliport,Pfister Ranch Heliport,39.17720032,-106.8560028,8000,NA,US,US-CO,Aspen
14004,79CO,heliport,Boulder Community Hospital Heliport,40.02780151,-105.2839966,5373,NA,US,US-CO,Boulder
14086,7CO7,heliport,Frontier Helicopters Heliport,40.34080124,-104.822998,4900,NA,US,US-CO,Johnstown
14088,7CO9,heliport,K2 Heliport Nr 1a Heliport,37.85279846,-107.5749969,9500,NA,US,US-CO,Silverton
14560,82CO,heliport,Mountain Bell Heliport,39.09749985,-108.5839996,4580,NA,US,US-CO,Grand Junction
14592,83CO,heliport,Snake River Health Services Inc Heliport,39.60419846,-105.9589996,9300,NA,US,US-CO,Keystone
14634,84CO,heliport,Rampart Heliport,39.344239,-104.841906,6480,NA,US,US-CO,Castle Rock
14673,85CO,heliport,Anderson Heliport,40.11249924,-105.1620026,5160,NA,US,US-CO,Niwot
14892,8CO1,heliport,Prospect Peak Heliport,38.47779846,-105.5210037,8660,NA,US,US-CO,Texas Creek
14894,8CO3,heliport,Fremont Peak Heliport,38.45389938,-105.2860031,7100,NA,US,US-CO,Canon City
14897,8CO6,heliport,Arkansas Valley Regional Medical Center Heliport,37.96139908,-103.5500031,4124,NA,US,US-CO,La Junta
15275,90CO,heliport,Tri-County Heliport,40.01079941,-105.052002,5050,NA,US,US-CO,Erie
15306,91CO,heliport,Summit Medical Center Heliport,39.58140182,-106.0920029,9042,NA,US,US-CO,Frisco
15413,94CO,heliport,Ponderosa Heliport,38.08470154,-107.7009964,7250,NA,US,US-CO,Ouray
15556,98CO,heliport,Ncmc Heliport,40.41500092,-104.7080002,4882,NA,US,US-CO,Greeley
15680,9CO0,heliport,Police Headquarters Heliport,39.73749924,-104.9919968,5350,NA,US,US-CO,Denver
15681,9CO1,heliport,Deer Creek Building Heliport,39.55609894,-105.1620026,6228,NA,US,US-CO,Littleton
15684,9CO4,heliport,Indian Hills/Fire Department Heliport,39.63669968,-105.2669983,7310,NA,US,US-CO,Indian Hills
16631,CD00,heliport,Emancipation Hill Heliport,40.05360031,-105.3600006,7152,NA,US,US-CO,Boulder
16635,CD04,heliport,S F Heliport,39.82080078,-105.0540009,5500,NA,US,US-CO,Westminster
16637,CD06,heliport,Centennial Healthcare Plaza Heliport,39.5943985,-104.822998,5680,NA,US,US-CO,Englewood
16638,CD07,heliport,Poudre Valley Hospital Heliport,40.57160187,-105.0559998,4960,NA,US,US-CO,Fort Collins
16639,CD08,heliport,Public Service Company/Mdc Heliport,39.86669922,-104.901001,5110,NA,US,US-CO,Irondale
16642,CD11,heliport,Mountain Bell/Durango Heliport,37.24169922,-107.8759995,6534,NA,US,US-CO,Durango
16643,CD12,heliport,Gunnison Valley Hospital Heliport,38.55170059,-106.9250031,7715,NA,US,US-CO,Gunnison
16647,CD16,heliport,Branson Heliport,37.01919937,-103.8860016,6262,NA,US,US-CO,Branson
16649,CD18,heliport,Amax Mill Heliport,39.83330154,-106.0670013,9176,NA,US,US-CO,Dillon/Silverthorne
16650,CD19,heliport,Arapahoe Heliport,39.69079971,-105.5049973,10672,NA,US,US-CO,Idaho Springs
16652,CD21,heliport,Badger Mountain Heliport,39.04940033,-105.5130005,11294,NA,US,US-CO,Tarryall
16653,CD22,heliport,North Suburban Medical Center Heliport,39.86360168,-104.9850006,5333,NA,US,US-CO,Thornton
16655,CD24,heliport,Red Canyon Ranch Heliport,39.35250092,-105.0070038,6450,NA,US,US-CO,Castle Rock
16656,CD25,heliport,Henderson Mine Heliport,39.76940155,-105.8509979,10340,NA,US,US-CO,Berthoud Falls
16657,CD26,heliport,Peyton Heliport,39.04249954,-104.3649979,6821,NA,US,US-CO,Calhan
16660,CD29,heliport,Cerro Summit Heliport,38.45000076,-107.651001,8208,NA,US,US-CO,Cimarron
16661,CD30,heliport,Fitzpatrick Heliport,38.38330078,-107.4169998,9316,NA,US,US-CO,Cimarron
16662,CD31,heliport,Parker Adventist Hospital Heliport,39.54759979,-104.7669983,5766,NA,US,US-CO,Parker
16664,CD33,heliport,Mesa Verde Heliport,37.25,-108.5009995,8074,NA,US,US-CO,Cortez
16665,CD34,heliport,Point Creek Heliport,38.79999924,-108.1669998,6200,NA,US,US-CO,Delta
16666,CD35,heliport,Pleasant View Heliport,37.59999847,-108.6340027,7723,NA,US,US-CO,Dove Creek
16667,CD36,heliport,Egnar Heliport,37.88330078,-108.8339996,8063,NA,US,US-CO,Egnar
16668,CD37,heliport,Berthoud Pass Heliport,39.79389954,-105.7639999,12442,NA,US,US-CO,Empire
16669,CD38,heliport,Sacramento Heliport,39.21640015,-106.086998,11104,NA,US,US-CO,Fairplay
16671,CD40,heliport,Hilltop Heliport,39.4294014,-104.6589966,6737,NA,US,US-CO,Franktown
16672,CD41,heliport,Sunlite Heliport,39.43330002,-107.3840027,10603,NA,US,US-CO,Glenwood Springs
16673,CD42,heliport,Lookout Mountain Heliport,39.53329849,-107.2839966,7985,NA,US,US-CO,Glenwood Springs
16674,CD43,heliport,Granite Heliport,39.08610153,-106.2679977,10093,NA,US,US-CO,Granite
16675,CD44,heliport,Madden Peak Heliport,37.34999847,-108.151001,10039,NA,US,US-CO,Hesperus
16677,CD46,heliport,North Arrow Heliport,40.59109879,-105.0479965,4935,NA,US,US-CO,Fort Collins
16678,CD47,heliport,Montrose Memorial Hospital Heliport,38.48009872,-107.8690033,5888,NA,US,US-CO,Montrose
16680,CD49,heliport,Matheson Heliport,39.17689896,-103.8799973,5976,NA,US,US-CO,Matheson
16681,CD50,heliport,Teepee Park Heliport,40.15000153,-107.8669968,8646,NA,US,US-CO,Meeker
16682,CD52,heliport,Mount Princeton Heliport,38.74530029,-106.1999969,10858,NA,US,US-CO,Mount Princeton
45330,CD53,heliport,Sky Ridge Medical Center Heliport,39.528056,-104.869722,6025,NA,US,US-CO,Lone Tree
16683,CD54,heliport,Raspberry Heliport,38.29999924,-108.1839981,9943,NA,US,US-CO,Norwood
16684,CD55,heliport,Norwood Junction Heliport,38.09999847,-106.2839966,7262,NA,US,US-CO,Norwood
16685,CD56,heliport,Grand Valley Heliport,39.41659927,-108.1009979,6095,NA,US,US-CO,Parachute
16686,CD57,heliport,Grouse Mountain Heliport,40.13330078,-106.1669998,9855,NA,US,US-CO,Parshall
16687,CD59,heliport,Placerville Heliport,38.01670074,-108.0510025,7304,NA,US,US-CO,Placerville
16688,CD62,heliport,Baxter Pass Heliport,39.58330154,-108.9509964,8718,NA,US,US-CO,Rangely
16689,CD63,heliport,Raven Ridge Heliport,40.11660004,-108.9509964,6084,NA,US,US-CO,Rangely
16690,CD65,heliport,Rico Heliport,37.68330002,-108.0169983,8807,NA,US,US-CO,Rico
16691,CD66,heliport,Rio Blanco Heliport,39.70000076,-107.9509964,8416,NA,US,US-CO,Rio Blanco
16692,CD68,heliport,Silverton Junction Heliport,37.79999924,-107.6669998,9272,NA,US,US-CO,Silverton
16694,CD70,heliport,Mount Werner Heliport,40.45000076,-106.7340012,10554,NA,US,US-CO,Steamboat Springs
45962,CD71,heliport,Hecox Heliport,38.624567,-105.516017,8250,NA,US,US-CO,Guffey
16695,CD72,heliport,Missionary Ridge Heliport,37.34999847,-107.7669983,9873,NA,US,US-CO,Trimble
16696,CD74,heliport,Vail Junction Heliport,39.61669922,-106.3840027,10116,NA,US,US-CO,Vail
16697,CD75,heliport,Whitewater Heliport,38.90000153,-108.4840012,6208,NA,US,US-CO,Whitewater
16698,CD77,heliport,Castle Peak Heliport,39.70000076,-106.7669983,9212,NA,US,US-CO,Wolcott
16699,CD78,heliport,Coal Bank Pass Heliport,37.68330002,-107.7669983,10634,NA,US,US-CO,Wolf Creek
16700,CD79,heliport,Northfield Heliport,38.98529816,-104.9169998,9200,NA,US,US-CO,Woodland Park
16701,CD80,heliport,Phippsburg Heliport,40.23329926,-106.901001,8347,NA,US,US-CO,Oak Creek
16702,CD81,heliport,Owl Ridge Heliport,40.45000076,-106.2009964,8796,NA,US,US-CO,Walden
16855,CO01,heliport,General Mail Facility Heliport,39.79050064,-104.9020004,5223,NA,US,US-CO,Denver
16858,CO04,heliport,St Anthony Hospital Central Heliport,39.74250031,-105.0469971,5275,NA,US,US-CO,Denver
16859,CO05,heliport,Aurora Presbyterian Hospital Heliport,39.72639847,-104.8270035,5415,NA,US,US-CO,Aurora
16862,CO08,heliport,Public Service of Colorado Arvada Heliport,39.80920029,-105.0479965,5290,NA,US,US-CO,Arvada
16870,CO16,heliport,Arapahoe Medical Park/Littleton Hospital Heliport,39.57640076,-104.9869995,5581,NA,US,US-CO,Littleton
16875,CO21,heliport,Craig Heliport,40.52420044,-107.5559998,6500,NA,US,US-CO,Craig
16877,CO23,heliport,St Francis Hospital Heliport,38.84889984,-104.8079987,6061,NA,US,US-CO,Colorado Springs
16878,CO24,heliport,Penrose Hospital Heliport,38.86780167,-104.822998,6132,NA,US,US-CO,Colorado Springs
16880,CO26,heliport,Cirino Heliport,39.89030075,-105.0879974,5380,NA,US,US-CO,Broomfield
16883,CO29,heliport,University Hospital Heliport,39.73189926,-104.9380035,5418,NA,US,US-CO,Denver
16884,CO30,heliport,Gates Rubber County Heliport,39.69800186,-104.9869995,5289,NA,US,US-CO,Denver
16885,CO31,heliport,Rose Medical Center Heliport,39.73329926,-104.9400024,5383,NA,US,US-CO,Denver
16886,CO32,heliport,Capri Heliport,39.85279846,-104.9769974,5255,NA,US,US-CO,Denver
16887,CO33,heliport,Cheyenne Mountain Heliport,38.74169922,-104.8339996,9440,NA,US,US-CO,Colorado Springs
16888,CO34,heliport,St Lukes Hospital Heliport,39.74720001,-104.9810028,5330,NA,US,US-CO,Denver
16889,CO35,heliport,Denver Health Heliport,39.72750092,-104.9909973,5212,NA,US,US-CO,Denver
16890,CO36,heliport,Elbert County Heliport,39.34389877,-104.4649963,6380,NA,US,US-CO,Kiowa
16891,CO37,heliport,St Joseph Hospital Heliport,39.74580002,-104.9690018,5463,NA,US,US-CO,Denver
16893,CO39,heliport,Denver Federal Center Helistop,39.72330093,-105.1110001,5550,NA,US,US-CO,Denver
16894,CO40,heliport,Vtol Heliport,39.74280167,-104.9940033,5354,NA,US,US-CO,Denver
16895,CO41,heliport,Denver Police Department-District 3 Heliport,39.6875,-104.9599991,5340,NA,US,US-CO,Denver
16898,CO44,heliport,Yankee Port Heliport,39.57500076,-104.8759995,5854,NA,US,US-CO,Greenwood Village
16899,CO45,heliport,Avista Hospital Heliport,39.95280075,-105.1520004,5510,NA,US,US-CO,Louisville
16900,CO46,heliport,Mercy Regional Medical Center Heliport,37.28329849,-107.8740005,6585,NA,US,US-CO,Durango
16904,CO50,heliport,Aspen Valley Hospital Heliport,39.19000681,-106.8390048,8140,NA,US,US-CO,Aspen
16905,CO51,heliport,Henderson Heliport,39.7682991,-105.8479996,10400,NA,US,US-CO,Empire
16911,CO57,heliport,Rhoads Heliport,40.11270142,-104.9520035,5000,NA,US,US-CO,Firestone
16916,CO62,heliport,Cherry Creek Townhouse Heliport,39.70550156,-104.939003,5340,NA,US,US-CO,Glendale
16917,CO63,heliport,Brown's Fort Heliport,38.49639893,-105.310997,6300,NA,US,US-CO,Canon City
16918,CO64,heliport,Mount San Rafael Heliport,37.1875,-104.487999,6100,NA,US,US-CO,Trinidad
16920,CO66,heliport,Morton Heliport,39.71030045,-105.2450027,7360,NA,US,US-CO,Golden
45324,CO68,heliport,Frederick-Firestone F.S. #2 Heliport,40.121944,-104.980833,4974,NA,US,US-CO,Frederick
16922,CO69,heliport,Dan Riggs Memorial Heliport,38.14780045,-105.4670029,7880,NA,US,US-CO,Westcliffe
16924,CO71,heliport,Parkview Medical Center Heliport,38.28079987,-104.6139984,4766,NA,US,US-CO,Pueblo
16925,CO72,heliport,Doral/Telluride Heliport,37.93999863,-107.848999,9430,NA,US,US-CO,Telluride
16927,CO74,heliport,Mc Elroy Heliport,40.00279999,-106.4520035,9209,NA,US,US-CO,Kremmling
16928,CO75,heliport,Overlook Athletic Club Heliport,39.47299957,-106.0329971,10085,NA,US,US-CO,Breckenridge
16931,CO78,heliport,Lincoln Community Hospital Heliport,39.13330078,-103.4670029,5034,NA,US,US-CO,Hugo
16932,CO79,heliport,Falcon Air Force Base Helipad,38.70330048,-104.5230026,6288,NA,US,US-CO,Colorado Springs
16936,CO83,heliport,Bulk Mail Center Heliport,39.8003006,-104.901001,5290,NA,US,US-CO,Commerce City
16938,CO85,heliport,Rifle Junction Heliport,39.53390121,-107.7720032,5609,NA,US,US-CO,Rifle
16940,CO87,heliport,Dbs Air Heliport,39.52780151,-107.7190018,5548,NA,US,US-CO,Rifle
16941,CO88,heliport,Kusa Helistop,39.72109985,-104.9830017,5260,NA,US,US-CO,Denver
16944,CO91,heliport,Heli-Support Heliport,40.58390045,-105.0350037,4935,NA,US,US-CO,Fort Collins
16952,CO99,heliport,Denver Artcc Heliport,40.18719864,-105.1269989,5057,NA,US,US-CO,Longmont
45986,US-0073,heliport,Dtc North Heliport,39.63499832,-104.8980026,5585,NA,US,US-CO,Denver
301247,US-0184,heliport,Lakewood / St. Anthony's Hospital Heliport,39.71588675,-105.127919,5681,NA,US,US-CO,Lakewood
301248,US-0185,heliport,Castle Rock Adventist Health Campus Heliport,39.40614895,-104.8841572,6134,NA,US,US-CO,Castle Rock
3463,KCOS,large_airport,City of Colorado Springs Municipal Airport,38.80580139,-104.7009964,6187,NA,US,US-CO,Colorado Springs
3486,KDEN,large_airport,Denver International Airport,39.86169815,-104.6729965,5431,NA,US,US-CO,Denver
19275,KALS,medium_airport,San Luis Valley Regional Bergman Field,37.434898,-105.866997,7539,NA,US,US-CO,Alamosa
19291,KAPA,medium_airport,Centennial Airport,39.57009888,-104.848999,5885,NA,US,US-CO,Denver
19308,KASE,medium_airport,Aspen-Pitkin Co/Sardy Field,39.22320175,-106.8690033,7820,NA,US,US-CO,Aspen
3411,KBJC,medium_airport,Rocky Mountain Metropolitan Airport,39.90879822,-105.1169968,5673,NA,US,US-CO,Denver
3413,KBKF,medium_airport,Buckley Air Force Base,39.7016983,-104.7519989,5662,NA,US,US-CO,Aurora
3505,KEGE,medium_airport,Eagle County Regional Airport,39.64260101,-106.9179993,6548,NA,US,US-CO,Eagle
19851,KFCS,medium_airport,Butts AAF (Fort Carson) Air Field,38.67839813,-104.7570038,5838,NA,US,US-CO,Fort Carson
3557,KGJT,medium_airport,Grand Junction Regional Airport,39.12239838,-108.5270004,4858,NA,US,US-CO,Grand Junction
20565,KMTJ,medium_airport,Montrose Regional Airport,38.50979996,-107.8939972,5759,NA,US,US-CO,Montrose
20931,KRIL,medium_airport,Garfield County Regional Airport,39.52629852,-107.7269974,5548,NA,US,US-CO,Rifle
6529,00CO,small_airport,Cass Field,40.62220001,-104.3440018,4830,NA,US,US-CO,Briggsdale
6644,02CO,small_airport,Mc Cullough Airport,37.6432991,-106.0469971,7615,NA,US,US-CO,Monte Vista
6701,03CO,small_airport,Kugel-Strong Airport,40.21250153,-104.7440033,4950,NA,US,US-CO,Platteville
6798,04V,small_airport,Saguache Municipal Airport,38.0990833,-106.1743889,7826,NA,US,US-CO,Saguache
6813,05CO,small_airport,Rancho De Aereo Airport,40.2149839,-104.9844228,4978,NA,US,US-CO,Mead
6854,05V,small_airport,Blanca Airport,37.41109848,-105.552002,7720,NA,US,US-CO,Blanca
6867,06CO,small_airport,Jecan Airport,37.38750076,-103.6910019,5100,NA,US,US-CO,Branson
6921,07CO,small_airport,Comanche Creek Airport,39.2635994,-104.427002,6620,NA,US,US-CO,Kiowa
6969,08CO,small_airport,Terra Firma Airport,38.73249817,-104.0410004,5600,NA,US,US-CO,Rush
7020,09CO,small_airport,Cottonwood Field,38.05559921,-103.6529999,4180,NA,US,US-CO,Swink
7119,0CD2,small_airport,Foxx Valley Airport,38.65250015,-104.2340012,5800,NA,US,US-CO,Yoder
7122,0CD5,small_airport,Pinon Canyon Airport,37.4905014,-104.1439972,5686,NA,US,US-CO,Trinidad
7124,0CD7,small_airport,Fox Hole Airport,40.00469971,-105.0719986,5135,NA,US,US-CO,Lafayette
7138,0CO1,small_airport,Dave's Airport,40.03329849,-105.1240005,5170,NA,US,US-CO,Louisville
7139,0CO2,small_airport,Buckhorn Ranch Airport,38.85189819,-106.93282,8980,NA,US,US-CO,Crested Butte
7140,0CO3,small_airport,Greggs Nr 1 Airport,39.88940048,-104.5449982,5373,NA,US,US-CO,Bennett
7142,0CO5,small_airport,Chenoweth Airport,39.83330154,-103.5899963,4697,NA,US,US-CO,Last Chance
7143,0CO6,small_airport,Flying M & M Ranch Airport,38.2193985,-108.2129974,8000,NA,US,US-CO,Norwood
7145,0CO8,small_airport,Cartwheel Airport,40.20830154,-105.0130005,5010,NA,US,US-CO,Mead
7146,0CO9,small_airport,Van Treese Airport,37.65829849,-106.0339966,7613,NA,US,US-CO,Monte Vista
7655,10CO,small_airport,Silkman Farms Inc. Airport,39.45470047,-102.2129974,4000,NA,US,US-CO,Burlington
7754,12CO,small_airport,Omega 1 STOLport,38.83549881,-107.8150024,6409,NA,US,US-CO,Hotchkiss
7873,14CO,small_airport,Good Pasture Airport,38.09719849,-104.9100037,6000,NA,US,US-CO,Beulah
45322,16CO,small_airport,Dry Pen Airport,39.40995,-108.085667,5331,NA,US,US-CO,Parachute
45331,17CO,small_airport,Skylane Ranch Airport,40.272258,-105.032625,5000,NA,US,US-CO,Berthoud
8232,1CD1,small_airport,Reed Airport,40.69029999,-104.8669968,5350,NA,US,US-CO,Nunn
8233,1CD2,small_airport,Tonga Airport,40.16719818,-104.7929993,4925,NA,US,US-CO,Platteville
8234,1CD4,small_airport,Eagle Soaring Airport,40.50930023,-106.9430008,6600,NA,US,US-CO,Steam Boat Springs
8247,1CO2,small_airport,Williams Ranch Airport,38.16249847,-108.3399963,6842,NA,US,US-CO,Norwood
8248,1CO3,small_airport,Bellmore Farms Airport,40.70410156,-104.7979965,5225,NA,US,US-CO,Nunn
8249,1CO4,small_airport,Clifford Field,38.57500076,-107.9589996,5560,NA,US,US-CO,Olathe
8250,1CO5,small_airport,Melon Field,38.01530075,-103.6989975,4260,NA,US,US-CO,Rocky Ford
8252,1CO7,small_airport,Dodsworth Airport,38.55139923,-105.9919968,7480,NA,US,US-CO,Salida
8253,1CO8,small_airport,Everitt Airport,39.52920151,-104.6579971,6295,NA,US,US-CO,Parker
8880,22CO,small_airport,Flying E Airport,39.9580574,-104.4855576,5100,NA,US,US-CO,Brighton
45319,23CD,small_airport,Aviation Acres Airport,39.29945,-102.321817,4210,NA,US,US-CO,Burlington
8934,23CO,small_airport,High Mesa Airport,38.84389877,-103.9899979,6000,NA,US,US-CO,Rush
45334,25CD,small_airport,Lux Field,39.152333,-105.720167,9300,NA,US,US-CO,Hartsel
9046,25CO,small_airport,Crystal Lakes Airport,40.85160065,-105.6330032,8440,NA,US,US-CO,Red Feather Lakes
9143,27CO,small_airport,Roubideau Airport,38.72600174,-108.1289978,4900,NA,US,US-CO,Delta
45320,2CD3,small_airport,Bijou Springs Ranch Airport,39.119472,-104.431806,6600,NA,US,US-CO,Peyton
45329,2CD6,small_airport,Safer Airport,39.39485,-104.547033,6510,NA,US,US-CO,Elizabeth
45335,2CD9,small_airport,Kellogg Airstrip,40.6814,-105.13855,5180,NA,US,US-CO,Laporte
9356,2CO1,small_airport,Cherokee Trail Ranch Airport,39.11050034,-104.5839996,7240,NA,US,US-CO,Peyton
9357,2CO2,small_airport,CMRS Airdrome Airport,38.54029846,-106.1050034,7872,NA,US,US-CO,Poncha Springs
9358,2CO3,small_airport,Jackrabbit Strip,40.375,-104.8730011,5000,NA,US,US-CO,Milliken
9360,2CO5,small_airport,Edenway Airport,38.34719849,-104.6320038,4970,NA,US,US-CO,Pueblo
9912,30CO,small_airport,Coyote Creek Ranch Airport,38.67250061,-105.3359985,8030,NA,US,US-CO,Guffey
9995,32CO,small_airport,Braun Airport,38.45529938,-105.0839996,5543,NA,US,US-CO,Penrose
10040,33CO,small_airport,Melby Ranch Airstrip,37.06499863,-105.4639969,8820,NA,US,US-CO,San Luis
45964,34CD,small_airport,Elk Park Ranch Airport,40.262683,-105.448011,7900,NA,US,US-CO,Allenspark
10084,34CO,small_airport,Simons Airport,39.71640015,-104.7320023,5525,NA,US,US-CO,Aurora
10131,35CO,small_airport,Lone Tree Ranch Airport,38.88199997,-103.8089981,5525,NA,US,US-CO,Punkin Center
10178,36CO,small_airport,Fat Chance Airport,39.10609818,-104.5439987,7100,NA,US,US-CO,Peyton
10319,39CO,small_airport,Flying M Ranch Airport,38.48799896,-107.6740036,7200,NA,US,US-CO,Montrose
10423,3CO0,small_airport,Sky Island Ranch Airport,38.73749924,-108.0059967,5300,NA,US,US-CO,Delta
10424,3CO1,small_airport,Cridler Field,38.84830093,-107.8330002,6460,NA,US,US-CO,Hotchkiss
10425,3CO2,small_airport,Mertens Airport,40.61750031,-103.3330002,4192,NA,US,US-CO,Sterling
10427,3CO4,small_airport,Tercio Ranch Airstrip,37.07089996,-105.0189972,7957,NA,US,US-CO,Stonewall
10429,3CO7,small_airport,Dietrichs Airport,39.33250046,-104.5660019,6780,NA,US,US-CO,Elizabeth
10950,41CO,small_airport,Flying Dog Ranch Airstrip,39.971111,-107.611111,7020,NA,US,US-CO,Meeker
11028,43CO,small_airport,Kostroski Airport,39.36669922,-104.6780014,6700,NA,US,US-CO,Franktown
11070,44CO,small_airport,Redlands Airport,38.83670044,-107.7929993,6100,NA,US,US-CO,Hotchkiss
11154,46CO,small_airport,Huerfano Agricultural Airport,38.09999847,-104.4260025,4790,NA,US,US-CO,Pueblo
11194,47CO,small_airport,Mile Hi Airport,40.90000153,-104.8339996,5270,NA,US,US-CO,New Raymer
11235,48CO,small_airport,Shaull Farm Airstrip,40.72159958,-104.7779999,5235,NA,US,US-CO,Nunn
11279,49CO,small_airport,Air Dusters Inc Airport,40.09329987,-104.375,4780,NA,US,US-CO,Roggen
11385,4CO0,small_airport,Glen-Aspen Airport,39.38890076,-107.1600037,6835,NA,US,US-CO,Carbondale
11387,4CO2,small_airport,Owl Canyon Gliderport,40.80469894,-104.9850006,5545,NA,US,US-CO,Wellington
11388,4CO3,small_airport,Griffin Field,37.39170074,-102.2799988,3964,NA,US,US-CO,Walsh
11392,4CO7,small_airport,Ambrosich Field,39.21780014,-104.6800003,7028,NA,US,US-CO,Elbert
11393,4CO8,small_airport,Kelgun Airport,39.30690002,-104.8160019,6800,NA,US,US-CO,Castle Rock
11865,51CO,small_airport,Flying W No.2 Airport,38.88560104,-107.8040009,7105,NA,US,US-CO,Hotchkiss
11908,52CO,small_airport,Mountain View Ranch Airport,39.10969925,-104.6539993,7500,NA,US,US-CO,Monument
11951,53CO,small_airport,Rons Field,37.55310059,-102.3919983,4096,NA,US,US-CO,Two Buttes
12205,59CO,small_airport,Comanche Livestock Airport,39.83330154,-104.3170013,5230,NA,US,US-CO,Strasburg
12310,5CO0,small_airport,Cheyenne Wells Municipal Airport,38.81669998,-102.3059998,4184,NA,US,US-CO,Cheyenne Wells
12311,5CO1,small_airport,Shipman Ranch Airport,38.83330154,-107.8590012,6200,NA,US,US-CO,Austin
12314,5CO4,small_airport,Spickard Farm Airport,39.70000076,-104.2509995,5320,NA,US,US-CO,Byers
12316,5CO6,small_airport,Meyer Ranch Airport,39.54999924,-105.2839966,8000,NA,US,US-CO,Conifer
12317,5CO7,small_airport,Mesa View Ranch Airport,40.77500153,-107.5339966,6978,NA,US,US-CO,Craig
12318,5CO8,small_airport,Pleasant Valley Airport,40.34140015,-106.848999,7120,NA,US,US-CO,Oak Creek
12707,5V4,small_airport,Calhan Airport,39.04779816,-104.2919998,6450,NA,US,US-CO,Calhan
12708,5V6,small_airport,Gebauer Airport,40.24440002,-103.0940018,4509,NA,US,US-CO,Akron
12770,60CO,small_airport,Stevens Airport,39.96670151,-104.651001,5180,NA,US,US-CO,Hudson
12859,62CO,small_airport,The Farm Airport,40.09830093,-104.4250031,4820,NA,US,US-CO,Keenesburg
12897,63CO,small_airport,Hendricks Field At West Creek Ranch Airport,38.70550156,-108.9369965,4820,NA,US,US-CO,Gateway
12938,64CO,small_airport,Cholla Airport,37.755556,-104.756389,5950,NA,US,US-CO,Walsenburg
12985,65CO,small_airport,Wkr Airport,40.52080154,-104.9670029,4840,NA,US,US-CO,Fort Collins
13059,67CO,small_airport,Highline Farm Airstrip,40.4715004,-104.8130035,4745,NA,US,US-CO,Bracewell
13100,68CO,small_airport,Singleton Ranch Airport,39.87220001,-104.1529999,4940,NA,US,US-CO,Byers
13224,6CO0,small_airport,Doctors Mesa Airport,38.85279846,-108.0169983,5680,NA,US,US-CO,Eckert/Orchard City
13225,6CO1,small_airport,Burnham Field,40.78139877,-104.9169998,5615,NA,US,US-CO,Wellington
13226,6CO2,small_airport,Mesawood Airpark,38.96110153,-107.9580002,7200,NA,US,US-CO,Cedaredge
13227,6CO3,small_airport,Wine Glass International Airport,37.63639832,-103.6579971,4708,NA,US,US-CO,La Junta
13228,6CO4,small_airport,Hat-Field STOLport,40.51029968,-105.0009995,4885,NA,US,US-CO,Fort Collins
13230,6CO6,small_airport,Skywagon Ranch Airport,40.311886,-105.145833,5187,NA,US,US-CO,Berthoud
13717,72CO,small_airport,Idler Bro's Airport,39.6794014,-102.5910034,4200,NA,US,US-CO,Kirk
13759,73CO,small_airport,Woods STOLport,38.38890076,-107.822998,6120,NA,US,US-CO,Montrose
13798,74CO,small_airport,Westberg-Rosling Farms Airport,40.04719925,-104.2089996,4857,NA,US,US-CO,Roggen
13886,76CO,small_airport,Hoy Airstrip,39.83580017,-104.4219971,5310,NA,US,US-CO,Bennett
14079,7CO0,small_airport,Parkland Airport,40.07170105,-105.0339966,5050,NA,US,US-CO,Erie
14080,7CO1,small_airport,Dave Nash Ranch Airport,38.75970078,-105.3840027,8400,NA,US,US-CO,Guffey
14081,7CO2,small_airport,Hawkins Ranch Airport,38.84159851,-107.8759995,6200,NA,US,US-CO,Hotchkiss
14082,7CO3,small_airport,Lindys Airpark,40.03889847,-104.6240005,5040,NA,US,US-CO,Hudson
14083,7CO4,small_airport,Williams Ranch Airport,40.60419846,-103.939003,4860,NA,US,US-CO,New Raymer
14084,7CO5,small_airport,Yocam Ranch Airport,40.29999924,-104.2300034,4461,NA,US,US-CO,Orchard
14085,7CO6,small_airport,Vantage View Airport,38.760278,-104.101389,5780,NA,US,US-CO,Rush
14087,7CO8,small_airport,West Pueblo Airport,38.36330032,-104.737999,5135,NA,US,US-CO,Pueblo West
14486,80CO,small_airport,Simonson Field,38.15169907,-104.7060013,5130,NA,US,US-CO,Pueblo
14523,81CO,small_airport,Mesa 1 Airport,40.40610123,-106.8209991,7000,NA,US,US-CO,Steamboat Springs
14714,86CO,small_airport,Lazy W Airport,40.31359863,-105.1449966,5200,NA,US,US-CO,Berthoud
14750,87CO,small_airport,Young's Strip,39.69110107,-104.4160004,5650,NA,US,US-CO,Bennett
14783,88CO,small_airport,Tranquila Airport,38.88610077,-104.2490005,6320,NA,US,US-CO,Yoder
14819,89CO,small_airport,Vallery Airport,40.23889923,-103.9919968,4480,NA,US,US-CO,Wiggins
14891,8CO0,small_airport,Kent Airport,40.25279999,-104.0029984,4480,NA,US,US-CO,Wiggins
14893,8CO2,small_airport,William Leon Schawo Airport,40.67079926,-104.2080002,4950,NA,US,US-CO,Briggsdale
14895,8CO4,small_airport,East Moore Field,39.67050171,-104.1360016,5250,NA,US,US-CO,Byers
14896,8CO5,small_airport,Widner Airport,38.83390045,-107.8919983,6020,NA,US,US-CO,Hotchkiss
14898,8CO7,small_airport,Colorado Antique Field,40.12250137,-105.1719971,5069,NA,US,US-CO,Niwot
14899,8CO8,small_airport,Koenig Airport,40.10829926,-102.7279968,4150,NA,US,US-CO,Yuma
14900,8CO9,small_airport,Pine View Airport,39.3443985,-104.5810013,6572,NA,US,US-CO,Elizabeth
15225,8V6,small_airport,Dove Creek Airport,37.76390076,-108.8889999,6975,NA,US,US-CO,Dove Creek
15342,92CO,small_airport,Lake Creek Ranch Airport,38.29169846,-105.6110001,7200,NA,US,US-CO,Hillside
15381,93CO,small_airport,Antelope Airpark,39.02331924,-105.6149979,8700,NA,US,US-CO,Lake George
15447,95CO,small_airport,Mann Ranch Airport,37.86849976,-104.8359985,6000,NA,US,US-CO,Rye
15482,96CO,small_airport,Logan Airport,39.85639954,-104.3960037,5300,NA,US,US-CO,Bennet
15518,97CO,small_airport,Peakview Airport,38.92499924,-104.1589966,6370,NA,US,US-CO,Yoder
15602,99CO,small_airport,Rock Creek Airport,38.13639832,-104.8150024,5660,NA,US,US-CO,Pueblo
15682,9CO2,small_airport,Van Slyke Field,39.69609833,-104.4759979,5400,NA,US,US-CO,Watkins
15683,9CO3,small_airport,Hubbard Airport,38.68330002,-108.9840012,4670,NA,US,US-CO,Gateway
15685,9CO5,small_airport,Scherler Private Airstrip,38.5766983,-102.4369965,4126,NA,US,US-CO,Brandon
15686,9CO6,small_airport,D Bar D Airport,39.28129959,-104.572998,6752,NA,US,US-CO,Elizabeth
15687,9CO7,small_airport,Beaugh Airport,40.34059906,-104.572998,4770,NA,US,US-CO,Kersey
45325,9CO8,small_airport,Herrick Airport,39.2793,-104.34315,6000,NA,US,US-CO,Kiowa
15688,9CO9,small_airport,Phylcon Ranch Airport,39.1291008,-108.1419983,6585,NA,US,US-CO,Mesa
16510,C07,small_airport,Mack Mesa Airport,39.26720047,-108.8639984,4724,NA,US,US-CO,Mack
16632,CD01,small_airport,Lowe Airstrip,38.39830017,-105.6200027,6200,NA,US,US-CO,Cotopaxi
16633,CD02,small_airport,Skyote Airport,40.75799942,-106.9720001,8200,NA,US,US-CO,Steamboat Springs
16634,CD03,small_airport,Tinnes Airport,38.19900131,-102.572998,3850,NA,US,US-CO,Lamar
16636,CD05,small_airport,Jackson Airfield,40.19440079,-102.697998,4075,NA,US,US-CO,Yuma
16640,CD09,small_airport,Yoder Airstrip,39.81969833,-104.4089966,5345,NA,US,US-CO,Bennett
16641,CD10,small_airport,Chapman Field,37.67499924,-106.5559998,8100,NA,US,US-CO,South Fork
16644,CD13,small_airport,Morris Airport,39.83509827,-103.7360001,4750,NA,US,US-CO,Deer Trail
16645,CD14,small_airport,J & S Airport,39.82889938,-104.4369965,5320,NA,US,US-CO,Bennett
16646,CD15,small_airport,Schantz Airstrip,39.29639816,-104.125,5870,NA,US,US-CO,Simla
16648,CD17,small_airport,Bijou Basin Airport,39.90829849,-104.1259995,4885,NA,US,US-CO,Byers
16651,CD20,small_airport,Sprague Airport,40.47499847,-105.2200012,5603,NA,US,US-CO,Loveland
16654,CD23,small_airport,Aero Bear Field,39.19829941,-104.3290024,6300,NA,US,US-CO,Calhan
16659,CD28,small_airport,Tall Timber Airport,39.64390182,-105.2679977,7360,NA,US,US-CO,Indian Hills
16663,CD32,small_airport,Castle Lakes Airport,37.90919876,-107.3499985,9300,NA,US,US-CO,Lake City
16670,CD39,small_airport,Pond's Field,40.26499939,-105.137001,5050,NA,US,US-CO,Berthoud
16676,CD45,small_airport,Flyin' B Ranch Airport,39.32329941,-104.572998,6720,NA,US,US-CO,Elizabeth
16679,CD48,small_airport,Cuchara Ranch Airport,37.78639984,-104.5940018,5827,NA,US,US-CO,Walsenburg
16693,CD69,small_airport,Morning Shadows Ranch Airport,37.74029922,-106.526001,8300,NA,US,US-CO,South Fork
16703,CD82,small_airport,Val Air Airport,37.33779907,-107.8519974,6548,NA,US,US-CO,Durango
16704,CD97,small_airport,Montemadeira Ii Airport,38.80559921,-107.7740021,5750,NA,US,US-CO,Hotchkiss
16705,CD99,small_airport,Lucky L Ranch Airport,40.35829926,-106.8300018,7000,NA,US,US-CO,Steamboat Springs
16854,CO00,small_airport,Flagler Aerial Spraying Inc Airport,39.27999878,-103.0670013,4945,NA,US,US-CO,Flagler
16856,CO02,small_airport,Harrington Ranch Airport,39.62969971,-104.5189972,5975,NA,US,US-CO,Bennet
16857,CO03,small_airport,Aspen Gliderport,39.25999832,-106.9120026,8440,NA,US,US-CO,Aspen
16860,CO06,small_airport,Wirth Field,40.5135994,-103.9120026,4881,NA,US,US-CO,New Raymer
16861,CO07,small_airport,Athanasiou Valley Airport,39.85419846,-105.4710007,8900,NA,US,US-CO,Blackhawk
16863,CO09,small_airport,Youtsey Airport,38.26670074,-104.2839966,4500,NA,US,US-CO,Boone
16864,CO10,small_airport,Lemons Private Strip,39.99470139,-105.223999,5230,NA,US,US-CO,Boulder
16865,CO11,small_airport,Granite Mountain Lodge Airport,38.41609955,-106.0579987,9000,NA,US,US-CO,Salida
16866,CO12,small_airport,Brighton Van-Aire Estates Airport,39.98300171,-104.7050018,5055,NA,US,US-CO,Brighton
16867,CO13,small_airport,Heckendorf Ranches Airport,39.9632988,-104.7490005,5060,NA,US,US-CO,Brighton
16868,CO14,small_airport,Reasoner Airport,39.91669846,-104.8050003,5100,NA,US,US-CO,Brighton
16869,CO15,small_airport,Kelly Air Park,39.22470093,-104.6399994,7040,NA,US,US-CO,Elbert
16871,CO17,small_airport,Sky Haven Airport,39.71360016,-104.1940002,5215,NA,US,US-CO,Byers
16872,CO18,small_airport,Chaparral Airport,39.4640007,-104.2580032,5930,NA,US,US-CO,Kiowa
16873,CO19,small_airport,Tezak Airport,38.41080093,-105.6039963,6280,NA,US,US-CO,Canon City
16874,CO20,small_airport,Flying W Ranch Airport,38.86249924,-107.8209991,6885,NA,US,US-CO,Cedaredge
43038,CO22,small_airport,Hildebrandt Airport,39.27916718,-102.4749985,4300,NA,US,US-CO,Bethune
16879,CO25,small_airport,Metrogro Farm Airport,39.49610138,-103.723999,5240,NA,US,US-CO,Agate
16881,CO27,small_airport,Tanner Field,37.46780014,-108.6650009,6640,NA,US,US-CO,Cortez
16892,CO38,small_airport,Comanche Airfield Llc Airport,39.74720001,-104.3130035,5350,NA,US,US-CO,Strasburg
16896,CO42,small_airport,Circle 8 Ranch Airport,39.33470154,-104.5459976,6650,NA,US,US-CO,Elizabeth
16897,CO43,small_airport,Pinyon Airport,39.00279999,-108.7099991,6980,NA,US,US-CO,Glade Park
16901,CO47,small_airport,Gypsum Creek Ranch Airport,39.59999847,-106.973999,6720,NA,US,US-CO,Gypsum
16902,CO48,small_airport,Crop Air Inc Airport,40.51250076,-104.6520004,4800,NA,US,US-CO,Eaton
16903,CO49,small_airport,Flying Lazy D Ranch Airport,39.16249847,-104.5350037,6910,NA,US,US-CO,Elbert
16906,CO52,small_airport,Marshdale STOLport,39.58330154,-105.3030014,7700,NA,US,US-CO,Evergreen
16907,CO53,small_airport,Yankee Field,40.63470078,-104.9909973,5050,NA,US,US-CO,Fort Collins
16908,CO54,small_airport,G W Flanders Ranch Strip,38.98329926,-104.6340027,7260,NA,US,US-CO,Falcon
16909,CO55,small_airport,Christman Field,40.59719849,-105.1439972,5160,NA,US,US-CO,Fort Collins
16910,CO56,small_airport,Jjs Airport,39.96409988,-104.4629974,5075,NA,US,US-CO,Keenesburg
16912,CO58,small_airport,Wings N Things Airpark & Museum Airport,40.10580063,-104.9550018,5000,NA,US,US-CO,Firestone
16913,CO59,small_airport,Hay Fever Farm Airport,40.54579926,-104.564003,4840,NA,US,US-CO,Galeton
16914,CO60,small_airport,Horseshoe Landings Airport,40.10829926,-104.4309998,4800,NA,US,US-CO,Keenesburg
16915,CO61,small_airport,Golden Field (Yellow Hat) Airport,37.84220123,-105.2139969,7710,NA,US,US-CO,Gardner
16919,CO65,small_airport,Geary Ranch Airport,38.04579926,-105.4710007,8300,NA,US,US-CO,Westcliffe
16926,CO73,small_airport,Air-Sprayers Nr 2 Airport,38.09999847,-102.2170029,3610,NA,US,US-CO,Hartman
16929,CO76,small_airport,Eden Ranch Airport,38.83639908,-107.8659973,6150,NA,US,US-CO,Hotchkiss
16930,CO77,small_airport,Horth Strip,39.97859955,-104.5940018,5128,NA,US,US-CO,Hudson
16933,CO80,small_airport,Fowler Airport,38.07249832,-104.0459976,4428,NA,US,US-CO,Fowler
16934,CO81,small_airport,Hill Airport,39.62080002,-102.7440033,4345,NA,US,US-CO,Joes
16935,CO82,small_airport,Land Airport,40.09579849,-104.5889969,5000,NA,US,US-CO,Keenesburg
16937,CO84,small_airport,Idlers Field,39.60829926,-102.5410004,4159,NA,US,US-CO,Kirk
16939,CO86,small_airport,Granby Sports Park Ultralightport,40.04859924,-105.9380035,8110,NA,US,US-CO,Granby
16942,CO89,small_airport,Barber Field,38.77280045,-108.0439987,5050,NA,US,US-CO,Delta
16943,CO90,small_airport,Usaf Academy Bullseye Aux Airstrip,38.75830078,-104.3069992,6036,NA,US,US-CO,Ellicott
16945,CO92,small_airport,Frasier Ranch Airport,39.64170074,-103.6449966,5000,NA,US,US-CO,Last Chance
16946,CO93,small_airport,Perry Park Airport,39.25,-104.8909988,6700,NA,US,US-CO,Larkspur
16947,CO94,small_airport,Decker Farms Airport,39.70690155,-103.3519974,5050,NA,US,US-CO,Lindon
16948,CO95,small_airport,Wilson Ranch Airport,38.05279922,-107.9800034,9580,NA,US,US-CO,Telluride
16949,CO96,small_airport,Reed Hollow Ranch Airport,39.37170029,-104.7429962,6200,NA,US,US-CO,Franktown
16950,CO97,small_airport,Comanche Springs Ranch Airport,39.72079849,-104.322998,5435,NA,US,US-CO,Strasburg
16951,CO98,small_airport,Bowen Farms Nr 1 Airport,39.54999924,-105.0339966,5450,NA,US,US-CO,Littleton
18302,K00C,small_airport,Animas Air Park,37.20320129,-107.8690033,6684,NA,US,US-CO,Durango
18306,K00V,small_airport,Meadow Lake Airport,38.94580078,-104.5699997,6874,NA,US,US-CO,Colorado Springs
18330,K07V,small_airport,Cuchara Valley At La Veta Airport,37.5237999,-105.0090027,7153,NA,US,US-CO,La Veta
18331,K08,small_airport,Holly Airport,38.03329849,-102.1169968,3390,NA,US,US-CO,Holly
18406,K11V,small_airport,Easton/Valley View Airport,40.33050156,-104.6090012,4820,NA,US,US-CO,Greeley
18435,K17V,small_airport,Haxtun Municipal Airport,40.625,-102.6029968,4035,NA,US,US-CO,Haxtun
18438,K18V,small_airport,Platte Valley Airpark,40.09999847,-104.7009964,4965,NA,US,US-CO,Hudson
18522,K1V6,small_airport,Fremont County Airport,38.4280014,-105.1060028,5439,NA,US,US-CO,Ca̱on City
18523,K1V8,small_airport,Leach Airport,37.78469849,-106.038002,7598,NA,US,US-CO,Center
18530,K20V,small_airport,Mc Elroy Airfield,40.05369949,-106.3690033,7411,NA,US,US-CO,Kremmling
18629,K2V5,small_airport,Wray Municipal Airport,40.10029984,-102.2409973,3667,NA,US,US-CO,Wray
18630,K2V6,small_airport,Yuma Municipal Airport,40.10419846,-102.7129974,4136,NA,US,US-CO,Yuma
18647,K33V,small_airport,Walden Jackson County Airport,40.75040054,-106.2710037,8153,NA,US,US-CO,Walden
18857,K4V0,small_airport,Rangely Airport,40.09400177,-108.7630005,5275,NA,US,US-CO,Rangely
18858,K4V1,small_airport,Spanish Peaks Airfield,37.69660187,-104.7839966,6047,NA,US,US-CO,Walsenburg
19083,K7V2,small_airport,North Fork Valley Airport,38.83169937,-107.6460037,5798,NA,US,US-CO,Paonia
19085,K7V5,small_airport,Brush Municipal Airport,40.26390076,-103.5810013,4280,NA,US,US-CO,Brush
19088,K7V8,small_airport,Julesburg Municipal Airport,40.97079849,-102.3150024,3495,NA,US,US-CO,Julesburg
19089,K7V9,small_airport,City of Las Animas Bent County Airport,38.05279922,-103.2369995,3915,NA,US,US-CO,Las Animas
19147,K8V1,small_airport,Astronaut Kent Rominger Airport,37.71360016,-106.3539963,7949,NA,US,US-CO,Del Norte
19150,K8V7,small_airport,Springfield Municipal Airport,37.45869827,-102.6179962,4390,NA,US,US-CO,Springfield
19173,K99V,small_airport,Crawford Airport,38.70420074,-107.6439972,6470,NA,US,US-CO,Crawford
19209,K9V7,small_airport,Eads Municipal Airport,38.47510147,-102.810997,4245,NA,US,US-CO,Eads
19222,KA50,small_airport,Colorado Springs East Airport,38.87440109,-104.4100037,6145,NA,US,US-CO,Ellicott
19243,KAEJ,small_airport,Central Colorado Regional Airport,38.81420135,-106.1210022,7946,NA,US,US-CO,Buena Vista
19245,KAFF,small_airport,USAF Academy Airfield,38.96969986,-104.8130035,6572,NA,US,US-CO,Colorado Springs
19258,KAIB,small_airport,Hopkins Field,38.23880005,-108.5630035,5940,NA,US,US-CO,Nucla
19270,KAJZ,small_airport,Blake Field,38.78639984,-108.064003,5193,NA,US,US-CO,Delta
19272,KAKO,small_airport,Colorado Plains Regional Airport,40.17559814,-103.2220001,4714,NA,US,US-CO,Akron
19283,KANK,small_airport,Harriet Alexander Field,38.53829956,-106.0490036,7523,NA,US,US-CO,Salida
16498,KBDU,small_airport,Boulder Municipal Airport,40.03939819,-105.2259979,5288,NA,US,US-CO,Boulder
19435,KC08,small_airport,Silver West Airport,38.01110077,-105.3730011,8290,NA,US,US-CO,Westcliffe
19442,KC24,small_airport,Mineral County Memorial Airport,37.82080078,-106.9309998,8680,NA,US,US-CO,Creede
19459,KCAG,small_airport,Craig Moffat Airport,40.49520111,-107.5220032,6193,NA,US,US-CO,Craig
19482,KCEZ,small_airport,Cortez Municipal Airport,37.3030014,-108.6279984,5918,NA,US,US-CO,Cortez
19593,KD17,small_airport,Westwinds Airport,38.75749969,-108.1480026,5000,NA,US,US-CO,Delta
19654,KDRO,small_airport,Durango La Plata County Airport,37.1515007,-107.7539978,6685,NA,US,US-CO,Durango
19728,KEEO,small_airport,Meeker Airport,40.04880142,-107.8860016,6421,NA,US,US-CO,Meeker
19742,KEIK,small_airport,Erie Municipal Airport,40.0102005,-105.0479965,5130,NA,US,US-CO,Erie
19880,KFMM,small_airport,Fort Morgan Municipal Airport,40.33359909,-103.8040009,4569,NA,US,US-CO,Fort Morgan
19885,KFNL,small_airport,Fort Collins Loveland Municipal Airport,40.4518013,-105.0110016,5016,NA,US,US-CO,Fort Collins/Loveland
19903,KFTG,small_airport,Front Range Airport,39.78530121,-104.5429993,5512,NA,US,US-CO,Denver
19964,KGNB,small_airport,Granby Grand County Airport,40.08969879,-105.9169998,8203,NA,US,US-CO,Granby
19984,KGUC,small_airport,Gunnison Crested Butte Regional Airport,38.53390121,-106.9329987,7680,NA,US,US-CO,Gunnison
19991,KGWS,small_airport,Glenwood Springs Municipal Airport,39.50830078,-107.310997,5916,NA,US,US-CO,Glenwood Springs
19994,KGXY,small_airport,Greeley-Weld County Airport,40.43740082,-104.6330032,4697,NA,US,US-CO,Greeley
20038,KHDN,small_airport,Yampa Valley Airport,40.48120117,-107.2180023,6606,NA,US,US-CO,Hayden
20044,KHEQ,small_airport,Holyoke Airport,40.56940079,-102.2730026,3730,NA,US,US-CO,Holyoke
20194,KITR,small_airport,Kit Carson County Airport,39.24250031,-102.2850037,4219,NA,US,US-CO,Burlington
20317,KLAA,small_airport,Lamar Municipal Airport,38.06969833,-102.6880035,3706,NA,US,US-CO,Lamar
20343,KLHX,small_airport,La Junta Municipal Airport,38.04970169,-103.5090027,4229,NA,US,US-CO,La Junta
20345,KLIC,small_airport,Limon Municipal Airport,39.27479935,-103.6660004,5374,NA,US,US-CO,Limon
21632,KLMO,small_airport,Vance Brand Airport,40.1637001,-105.163002,5055,NA,US,US-CO,Longmont
20398,KLXV,small_airport,Lake County Airport,39.22029877,-106.3170013,9927,NA,US,US-CO,Leadville
20574,KMVI,small_airport,Monte Vista Municipal Airport,37.52730179,-106.0479965,7611,NA,US,US-CO,Monte Vista
18627,KPSO,small_airport,Stevens Field,37.28630066,-107.0559998,7664,NA,US,US-CO,Pagosa Springs
3794,KPUB,small_airport,Pueblo Memorial Airport,38.28910065,-104.4970016,4726,NA,US,US-CO,Pueblo
21038,KSBS,small_airport,Steamboat Springs Bob Adams Field,40.5163002,-106.8659973,6882,NA,US,US-CO,Steamboat Springs
21113,KSTK,small_airport,Sterling Municipal Airport,40.61529922,-103.2649994,4040,NA,US,US-CO,Sterling
21176,KTAD,small_airport,Perry Stokes Airport,37.25939941,-104.3410034,5762,NA,US,US-CO,Trinidad
21188,KTEX,small_airport,Telluride Regional Airport,37.9538002,-107.9079971,9070,NA,US,US-CO,Telluride
43072,US-0022,small_airport,Cable's Corner Airport,38.83570099,-104.1350021,6365,NA,US,US-CO,Rush
43081,US-0029,small_airport,Carrera Airpark,40.21659851,-104.9509964,4965,NA,US,US-CO,Mead
43098,US-0044,small_airport,Heckendorf Ranches-Georgia Pass Ranch Airport,39.40829849,-105.836998,9869,NA,US,US-CO,Jefferson
45985,US-0072,small_airport,Happy Canyon Aero Ranch Airport,38.41669846,-107.901001,6200,NA,US,US-CO,Montrose
45987,US-0074,small_airport,Henderson Airport,39.91669846,-104.8669968,5015,NA,US,US-CO,Henderson
45988,US-0075,small_airport,Silver Heels Airport,39.29169846,-105.875,9600,NA,US,US-CO,Como
45989,US-0076,small_airport,Frontier Airstrip,40.21250153,-104.9820023,4979,NA,US,US-CO,Mead
45990,US-0077,small_airport,Sand Arroya Airport,38.45280075,-103.5299988,4570,NA,US,US-CO,Sugar City
45991,US-0078,small_airport,Reid Ranches Airport,40.11660004,-104.3170013,4820,NA,US,US-CO,Roggen
321561,US-0336,small_airport,Big View Airport,40.764462,-104.928654,5600,NA,US,US-CO,Carr
16876,US-CO22,small_airport,Greenhorn Valley Airport,37.95970154,-104.7839966,5796,NA,US,US-CO,Colorado City